token,lemma_guess,tag,sentence,category
دستم,دست,N_SING_COM_PAFF_1,شب جمعه رفتیم تو سفارت و توی صحنه و پرده رو نیمه‌باز کردن که دستم رو یکی گرفت و گفت نمی‌خواد بخونی .,possessive
بزنم,بزن,V_SUB_POS_1,یک جایی من خودم را می‌آورم پایین‌تر از مخاطب ، برای این که حرفم را به او بزنم .,verbal
خوشحالم,خوشحال,V_PRE_ADJC_1,به‌هرحال در تاریخ سینمای ایران این‌چنین ثبت شده و من نیز از این قضیه خوشحالم ، اما این که پس از آن فرصت تکرار این تجربه فراهم نشد ، به تقدیر برمی‌گردد .,copular
گفتم,گفت,V_PA_SIM_POS_1,من قاطعانه به شما می‌گویم 99 درصد کسانی که دلار و کوپن و از این چیزها می‌فروشند از دور دستی در یکی از کارهای خلاف جامعه دارند ، و چون برمی‌گردیم به بافت اجتماعی‌مان ، همه اینها باز به آن تربیت برمی‌گردد ، به فرهنگ ؛ یعنی من هر چه را دیدم رسیده به فرهنگ و برای همین گفتم فرهنگ .,verbal
پذیرفتم,پذیرفت,V_PA_SIM_POS_1,قبلا بخشی از ذهنم را معضلات اجتماعی به خود مشغول کرده بود و یکی - دو تا طرح داستانی هم نوشته بودم که به مدیر گروه دادم و همین طرحهای داستانی باعث شد که گروه اجتماعی شبکه سه بگوید که این ژانر را مستند کار کن و من هم پذیرفتم و شروع به کار کردیم .,verbal
دستم,دست,N_SING_COM_PAFF_1,حرفش را بریدم که : از درکه وارد شدم سیگار دستم بود و زورم آمد سلام کنم .,possessive
شغلم,شغل,N_SING_COM_PAFF_1,» زمانی که خبرنگار نشریه « کاندیز » برای مصاحبه به خانه کوین می‌رود ، متوجه می‌شود که خانواده‌اش در مورد مصاحبه با او بحث زیادی داشته‌اند و او را از قبول مصاحبه منع کرده‌اند : « آنها همیشه در این مورد و این که من راجع‌به خودم و شغلم مصاحبه کنم ، با من بحث می‌کنند ، ولی من فکر می‌کنم که با این کار خودم را کوچک نکرده‌ام .,possessive
نظرم,نظر,N_SING_COM_PAFF_1,به نظرم آمد که این سریال سه ایراد عمده دارد : 1 - شخصیت‌پردازی آدمهای اصلی مجموعه که یک‌دست و روان نیست ؛ 2 - شوخی‌های بیش از اندازه این آدمها با هم ) به‌هرحال ما هم در محیطهایی جوانانه سالها کار کرده‌ایم و این جو را می‌شناسیم ، و این محیطها این‌گونه نیست که چند جوان به مجرد با هم بودن ، دائم با یکدیگر شوخی کنند ( .,possessive
بتوانم,بتوان,V_SUB_POS_1,اما در مونتاژ بیشترین ضرر را دادیم ؛ یعنی شاید بتوانم بگویم مونتاژ این برنامه هر قسمتش حدود سیصد هزار تومان برای ما تمام شد .,verbal
بدهم,بده,V_SUB_POS_1,یک جایی هم می‌گویم : مخاطب تو خودت باید بدوی ؛ تا کی من باید به این عقب‌ماندگی تو جواب مثبت بدهم ؟,verbal
فیلمم,فیلم,N_SING_COM_PAFF_1,برای مثال ، آخرین فیلمم « سوار بی‌سر » را هنگام ساخت فیلمی صامت در نظر گرفته بودم .,possessive
می‌کنم,می‌کن,V_PRS_POS_1,هر‌چه بیشتر کار می‌کنم ، به اهمیت تحقیق بیشتر پی می‌برم .,verbal
متاسفم,متاسف,V_PRE_ADJC_1,لی می‌گوید : « همیشه دوست داشتم با تلویزیون کار کنم و از این که تا قبل از این فرصت این همکاری فراهم نشد ، بسیار متاسفم .,copular
پدرم,پدر,N_SING_COM_PAFF_1,« پدرم هم مثل من خجالتی بود .,possessive
متنفرم,متنفر,V_PRE_ADJC_1,* من از مستندهایی که در مورد مسائل خانوادگی ساخته می‌شوند ، متنفرم .,copular
ندارم,ندار,V_PRS_NEG_1,شک ندارم که روزی فرا‌می‌رسد که همین افکار و راهکارها زمینه‌ای می‌شود برای تشکیل همان دژ مستحکم فرهنگی ، اما ترسی که دارم این است که بی‌توجهی باعث نابودی انگیزه شود .,verbal
سرم,سر,N_SING_COM_PAFF_1,و من ایستادم در باتلاق ، بین نیلوفران بلند ، و باران بر سرم فرو‌می‌چکید - و نیلوفرها همگی در شکوه فلاکت خود آه می‌کشیدند .,possessive
می‌کردم,می‌کرد,V_PA_PRG_POS_1,از هر کی می‌دیدیم می‌پرسیدیم چه حسی دارید ، می‌گفت کاشکی آن ور مصاحبه می‌کردم .,verbal
ببینم,ببین,V_SUB_POS_1,ببینم حسینی ، تو ... [ زیرچشمی به احمد می‌نگرد ، احمد سر به زیر دارد ] روزه‌ای ؟,verbal
نبرم,نبر,V_SUB_NEG_1,می‌گفتم من که هنر خواندم ، همیشه سعی می‌کنم مسائل تاوری را جوری به کار نبرم که معلوم باشد ؛ سعی می‌کنم پشتوانه کارم باشد .,verbal
دخترم,دختر,N_SING_COM_PAFF_1,دخترم ، کیتی می‌خواهد خواننده اپرا شود .,possessive
خوانده‌ام,خوانده‌ا,V_PA_NAR_POS_1,جایی خوانده‌ام که آمار شاعران ، آماری میلیونی است .,verbal
معتقدم,معتقد,V_PRE_ADJC_1,معتقدم که وضعیت سیاسی‌اجتماعی روز در آن بخوبی نشان داده شده و به همین دلیل مورد توجه مردم قرار گرفته و اکثریت اقشار جامعه را به خود جذب کرده است .,copular
پسرم,پسر,N_SING_COM_PAFF_1,تو که نبودی پسرم .,possessive
نظرم,نظر,N_SING_COM_PAFF_1,معارف فراوانی از قول زنان غیبگو بازگو شده ؛ و درباره اوراق نامعلومی که اطراف دودونا می‌جنبید ، از قدیم چیزهایی رازناک و مقدس نقل شده بود - اما [ ... ] همین حکایت خیال‌انگیزی که شیطان در خلوت مقبره کنارم نشست و برایم تعریف کرد ، به نظرم از همه عالیتر است .,possessive
مادرم,مادر,N_SING_COM_PAFF_1,وحید در این باره می‌گوید : « عشق را از مادرم و غرور را از پدرم آموختم .,possessive
ندارم,ندار,V_PRS_NEG_1,باءین‌حال ، من قبول ندارم که فقط فقر باعث ارتکاب جرایم می‌شود .,verbal
بدانم,بدان,V_SUB_POS_1,* نمی‌توانم حرفه گویندگی را کاملا کاری هنری بدانم .,verbal
سرم,سر,N_SING_COM_PAFF_1,همین که سرم پایین بود ، یکی زد تخت سینه‌ام : پسر کجایی !,possessive
ساعتم,ساعت,N_SING_COM_PAFF_1,صاحب مغازه : [ درحالی‌که به ساعت اشاره می‌کند ] ساعتم ، هفت و ... ساعت حدود ده دقیقه به زنگ را نشان می‌دهد .,possessive
استادم,استاد,N_SING_COM_PAFF_1,از دوران نوجوانی کار بازیگری را نزد استادم گلاب آدینه شروع کردم و بعد این رشته را در دانشگاه ادامه دادم .,possessive
کنم,کن,V_SUB_POS_1,مریم : این مساله رو حل کنم ، چشم .,verbal
نظرم,نظر,N_SING_COM_PAFF_1,آثار تولیدشده به نظرم قابل اعتنا نیست و چیز تازه‌ای در این زمینه نمی‌شنوم .,possessive
می‌کردم,می‌کرد,V_PA_PRG_POS_1,چون اگر فکر می‌کردم که دوست دارم کار دیگری را تجربه کنم ، همان ابتدای کار به این امر مبادرت می‌کردم .,verbal
کارم,کار,N_SING_COM_PAFF_1,من خودم روز اولی که به کار هنر قدم گذاشتم یه کشیده محکم خوردم و کارم رو ازم گرفتن .,possessive
خواستم,خواست,V_PA_SIM_POS_1,مادر : [ با شوخی ] نه ، نه ، خواستم ثوابی هم برده باشد .,verbal
پسرم,پسر,N_SING_COM_PAFF_1,- گوش کن پسرم !,possessive
نتوانستم,نتوانست,V_PA_SIM_NEG_1,اما نتوانستم این پیشنهادها را به علت میزبانی فرزندان عزیزم که ساکن غربت هستند و هر سال مدت کوتاهی به دیدن ما می‌آیند ، بپذیرم .,verbal
نکرده‌ام,نکرده‌ا,V_PA_NAR_NEG_1,البته من به دلیل حرمتی که برای حرفه‌ام قائلم ، چنین نکرده‌ام .,verbal
نظرم,نظر,N_SING_COM_PAFF_1,* با توجه به اطلاعاتی که ما از کل مملکت داریم به نظرم توفیق زیادی داشته ؛ یعنی این که یکی از موفق‌ترین شبکه‌های سازمان در ارتباط با جوانان شبکه سه است .,possessive
دیدم,دید,V_PA_SIM_POS_1,زمانی که من این بخش را دیدم احساس جالبی داشتم .,verbal
نظرم,نظر,N_SING_COM_PAFF_1,به نظرم ، این کار برای نوجوانانی که این مسائل و مشکلات را در زندگیشان دارند ، بسیار مفید و موثر است و آنها می‌توانند با سمبل قرار دادن شخصیتی به نام سحر به الگوی مناسبی در زندگی برسند و به نوعی همذات‌پنداری کنند .,possessive
امیدوارم,امیدوار,V_PRE_ADJC_1,* امیدوارم بتوانیم مسائل مورد توجه مخاطبان را تهیه کنیم و در اختیارشان قرار دهیم .,copular
زارم,زار,V_PRE_ADJC_1,از گریه سخت زارم .,copular
شدم,شد,V_PA_SIM_POS_1,... * در آخر می‌گویم این برنامه در مجموع برنامه جالب و پرتحرک و شادی است و از این که من به عنوان تهیه‌کننده این برنامه معرفی شدم و در حال حاضر هم با تهیه این برنامه در خدمت شنوندگان عزیز هستم ، بسیار خوشحالم و امیدوارم که توانسته باشم رضایت خاطر شنوندگان را جلب کنم .,verbal
پسرم,پسر,N_SING_COM_PAFF_1,نه پسرم نه پدرم واسه این نیست .,possessive
معتقدم,معتقد,V_PRE_ADJC_1,* به تلفیقی از هر دو معتقدم ، به شرط آن که در این تلفیق سهم دومی بیشتر باشد .,copular
ببینم,ببین,V_SUB_POS_1,اما می‌خواهم ببینم در مورد مخاطبی که دوست دارد مقداری پیام مستقیم بشنود ، دچار مشکل نشدید و مساله‌ای نداشتید ؟,verbal
مطمئنم,مطمئن,V_PRE_ADJC_1,تماشاگر با اینها مشکل دارد ، ولی من مطمئنم که بعد از چند قسمت می‌پذیرد .,copular
امیدم,امید,V_PRE_NC_1,# احمد شاملو # نمونه‌ای از اشعار وی عبارتست از : !!! غم دل به دوست گفتن چه خوشست ، شهریارا ز نوای مرغ یا حق بشنو ، که در دل شب به پیام آشنایی بنوازد ، آشنا را همه شب در این امیدم ، که نسیم صبحگاهی که سان غیب خوشتر .,possessive
نشدم,نشد,V_PA_SIM_NEG_1,گفتم همین یکی هم اگر باشد خوب است ؛ اما من سوال شما را درست متوجه نشدم .,verbal
شنیدم,شنید,V_PA_SIM_POS_1,* من هم شنیدم که مقام معظم رهبری از این برنامه استقبال کرده‌اند و آقای لاریجانی هم همین طور .,verbal
هستم,هست,V_PRS_POS_1,... * در آخر می‌گویم این برنامه در مجموع برنامه جالب و پرتحرک و شادی است و از این که من به عنوان تهیه‌کننده این برنامه معرفی شدم و در حال حاضر هم با تهیه این برنامه در خدمت شنوندگان عزیز هستم ، بسیار خوشحالم و امیدوارم که توانسته باشم رضایت خاطر شنوندگان را جلب کنم .,verbal
کرده‌ام,کرده‌ا,V_PA_NAR_POS_1,اما تیپ‌های جدی مختلف با گرایش‌های اجتماعی ، عشقی و ... هم بوده که من آنها را بازی کرده‌ام .,verbal
زبانم,زبان,N_SING_COM_PAFF_1,نمی‌دانم چرا با دیدن این مکان دائم یک بیت شعر بر زبانم جاری می‌شود : !!! یادم کن تا هستم تو ای نگار آسمانی - با یادت سرمستم تو ای امید زندگانی !!! .,possessive
کنم,کن,V_SUB_POS_1,چون اگر فکر می‌کردم که دوست دارم کار دیگری را تجربه کنم ، همان ابتدای کار به این امر مبادرت می‌کردم .,verbal
بمیرم,بمیر,V_SUB_POS_1,مادر : بمیرم الهی ، ببین صورتش چطور شده ، بچه‌م !,verbal
می‌کردم,می‌کرد,V_PA_PRG_POS_1,فکر می‌کردم سوالهای این‌جوری‌تان تمام شد .,verbal
پسرم,پسر,N_SING_COM_PAFF_1,پسرم هم در نمایشهای مدرسه بازی می‌کند ، اما فکر می‌کنم او در آینده هر موقعیتی را برای بازیگری رد کند » .,possessive
دارم,دار,V_PRS_POS_1,# « تا جمعه » را به خاطر بداهه‌کاری دوست دارم .,verbal
دارم,دار,V_PRS_POS_1,* دوست دارم تا پایان عمرم در این حیطه فعال باشم .,verbal
امیدوارم,امیدوار,V_PRE_ADJC_1,امیدوارم این طور باشد .,copular
کارم,کار,N_SING_COM_PAFF_1,بیشتر بازیگران پرمدعا در مورد سختی‌ای که در ایفای نقش می‌کشند ، صحبت می‌کنند ، اما کوین واتلی در خصوص خود و شیوه بازیگری‌اش چنین می‌گوید : « من بازیگری نیستم که در کارم روش خاصی داشته باشم ، فکر می‌کنم شما برای بازیگری باید چشم سومی داشته باشید و به کمک آن عقب بایستید و به نقشی که اجرا می‌کنید ، بی‌طرفانه نگاه کنید » .,possessive
بشورم,بشور,V_SUB_POS_1,احمد : هنوز دیرم نشده [ به ساعت اشاره می‌کند ، نیم ساعت مانده به زنگ ] ولی تا بیام دست‌و‌رومو بشورم و صبحونه بخورم دیرم شده ، خب !,verbal
ندارم,ندار,V_PRS_NEG_1,من اصولا برنامه‌های شعاری را حتی اگر دارای زیباترین متن هم باشند ، دوست ندارم ؛ حتی اگر آن را اجرا هم بکنم .,verbal
زبانم,زبان,N_SING_COM_PAFF_1,یک حرف و دو حرف بر زبانم .,possessive
بودم,بود,V_PA_SIM_POS_1,مضاف بر این که در این مورد با مساولان شبکه هم دائم برای مشورت در ارتباط بودم .,verbal
پسرم,پسر,N_SING_COM_PAFF_1,پسرم هم در نمایشهای مدرسه بازی می‌کند ، اما فکر می‌کنم او در آینده هر موقعیتی را برای بازیگری رد کند » .,possessive
داشتم,داشت,V_PA_SIM_POS_1,حقیقتا دوست داشتم از لحظه لحظه زمان برای بودن با بچه‌هایم لذت ببرم .,verbal
امیدوارم,امیدوار,V_PRE_ADJC_1,... * در آخر می‌گویم این برنامه در مجموع برنامه جالب و پرتحرک و شادی است و از این که من به عنوان تهیه‌کننده این برنامه معرفی شدم و در حال حاضر هم با تهیه این برنامه در خدمت شنوندگان عزیز هستم ، بسیار خوشحالم و امیدوارم که توانسته باشم رضایت خاطر شنوندگان را جلب کنم .,copular
ناچارم,ناچار,V_PRE_ADJC_1,ازدواج کردم و شرایط زندگی برایمان فراهم نیست و نمی‌توانم خرج زندگی را بدهم و ناچارم که مدتی را دور از مملکت باشم .,copular
حاضرم,حاضر,V_PRE_ADJC_1,آقای ابوالفضل جلیلی گفت من حاضرم در تمام مسائل با شما همکاری کنم ؛ چقدر جو خوب و دوستانه و جدی‌ای دارید ؛ این جمع به یک جایی می‌رسد ؛ این جمع به هدفش می‌رسد .,copular
دستم,دست,N_SING_COM_PAFF_1,رایس فرهنگ که اجازه نشستن داد ، نگاهش لحظه‌ای روی دستم مکث کرد و بعد چیزی را که می‌نوشت تمام کرد و می‌خواست متوجه من بشود که رونویس حکم را روی میزش گذاشته بودم .,possessive
مایلم,مایل,V_PRE_ADJC_1,با توجه به این که این نسل دچار دگرگونی و تغییرات شده ، مایلم تعریفتان را از مخاطب بگویید ؟,copular
کارم,کار,N_SING_COM_PAFF_1,من خودم روز اولی که به کار هنر قدم گذاشتم یه کشیده محکم خوردم و کارم رو ازم گرفتن .,possessive
کارم,کار,N_SING_COM_PAFF_1,می‌گفتم من که هنر خواندم ، همیشه سعی می‌کنم مسائل تاوری را جوری به کار نبرم که معلوم باشد ؛ سعی می‌کنم پشتوانه کارم باشد .,possessive
می‌تونم,می‌تون,V_PRS_POS_1,پس امشب می‌تونم بگم قبول باشه .,verbal
بیاورم,بیاور,V_SUB_POS_1,فکرم این بود که به این وسیله یک فضای خیلی دلگیر و وهم‌آلود به وجود بیاورم و این که انسان شایسته نیست در این فضا باشد .,verbal
نمی‌دانم,نمی‌دان,V_PRS_NEG_1,* باور کنید که که خودم هم نمی‌دانم .,verbal
می‌گفتم,می‌گفت,V_PA_PRG_POS_1,روزهای تعطیل من به ایشان زنگ می‌زدم و می‌گفتم این مشکل را دارم .,verbal
بکنم,بکن,V_SUB_POS_1,من اصولا برنامه‌های شعاری را حتی اگر دارای زیباترین متن هم باشند ، دوست ندارم ؛ حتی اگر آن را اجرا هم بکنم .,verbal
بدهم,بده,V_SUB_POS_1,نمی‌شود بقیه سوالها را تستی جواب بدهم ؟,verbal
می‌دانم,می‌دان,V_PRS_POS_1,در کلیات ، حفظ چارچوب اصلی را ضروری می‌دانم .,verbal
بسازم,بساز,V_SUB_POS_1,قرار است کار بصری بسازم و چون رسانه تصویر را انتخاب کردم ، باید از آن زبان و تکنیک و از آن ترفندها استفاده کنم تا پیام خودم را بتوانم انتقال بدهم .,verbal
خواستارم,خواستار,V_PRE_ADJC_1,* در پایان توفیق همه دست‌اندرکاران این برنامه از پخش ، نودال ، ماهواره ، هماهنگی ، حمل‌و‌نقل و ... را خواستارم ، و توفیق شما .,copular
بتوانم,بتوان,V_SUB_POS_1,قرار است کار بصری بسازم و چون رسانه تصویر را انتخاب کردم ، باید از آن زبان و تکنیک و از آن ترفندها استفاده کنم تا پیام خودم را بتوانم انتقال بدهم .,verbal
کردم,کرد,V_PA_SIM_POS_1,برای همین ، مدتی که از پیش‌تولید گذشت ، با یک جور ممیزی درونی شروع کردم به کار .,verbal
می‌آورم,می‌آور,V_PRS_POS_1,یک جایی من خودم را می‌آورم پایین‌تر از مخاطب ، برای این که حرفم را به او بزنم .,verbal
معتقدم,معتقد,V_PRE_ADJC_1,از‌همین‌رو در اختیار کردن دیدگاه و زاویه دید و پل زدن به زمانه هم به اصالت اختیار در اقتباس معتقدم .,copular
گرفتارم,گرفتار,V_PRE_ADJC_1,شخصی به هزار غم گرفتارم .,copular
می‌شدم,می‌شد,V_PA_PRG_POS_1,اینها می‌نشستند با ما صحبت می‌کردند و می‌گفتند اگر این کار را بکنی بهتر است ، و من قانع می‌شدم و بعضی جاها هم قانع نمی‌شدم ، می‌گفتند خیلی خوب ، نکن .,verbal
متحیرم,متحیر,V_PRE_ADJC_1,توتیا را به دو چشم خونفشانم هله‌ای نسیم رحمت ، متحیرم چه نامم شه ملک لافتی را ، نه خدا توانمش خواند ، نه بشر توانمش گفت .,copular
می‌مانم,می‌مان,V_PRS_POS_1,اما من خود را در این هنر یافته‌ام و در آن باقی می‌مانم .,verbal
برادرم,برادر,N_SING_COM_PAFF_1,بعضی وقتها هم من و برادرم و بقیه خواهرهایم لباس خوب می‌پوشیدیم و به باشگاههایی که او در آنها اجرا داشت ، می‌رفتیم .,possessive
می‌کنم,می‌کن,V_PRS_POS_1,* گاهی اوقات ، درصورتی‌که با کارگردان یا تهیه‌کننده روی بازیگر معینی توافق شده باشد ، سعی می‌کنم نقش را بر اساس تواناییهای بازیگر بنویسم .,verbal
دستم,دست,N_SING_COM_PAFF_1,حرفش را بریدم که : از درکه وارد شدم سیگار دستم بود و زورم آمد سلام کنم .,possessive
پدرم,پدر,N_SING_COM_PAFF_1,من در کودکی هیچ‌وقت به حد کافی با پدرم نبودم ، چون او بیشتر در دریا بود .,possessive
رفیقم,رفیق,V_PRE_ADJC_1,... با مهدی سجاده‌چی هم خیلی رفیقم !,copular
می‌توانم,می‌توان,V_AUX_INF_PPRS_1,ولی من به جرات می‌توانم بگویم چیزی که خیلی مهم است ، محتوای برنامه رادیویی است .,verbal
نظرم,نظر,N_SING_COM_PAFF_1,به نظرم ، مطبوعات ، خود تلویزیون و دیگر رسانه‌ها وقتی برنامه‌ای راه جدیدی را شروع می‌کند ، فقط باید حمایتش کنند .,possessive
یافته‌ام,یافته‌ا,V_PA_NAR_POS_1,اما من خود را در این هنر یافته‌ام و در آن باقی می‌مانم .,verbal
"""پسرم",پسر,N_SING_COM_PAFF_1,"""""صاف می‌کرد و می‌گفت : """""""" بیا پسرم ، تعریف کن ببینم ."""";NOUN_POSS_1SG"";;;",possessive
بشوم,بشو,V_SUB_POS_1,شرایط زندگی من و شرایط امروز اجازه نمی‌دهد که با آن سوژه خیلی درگیر بشوم تا جایی که تغییری در سرنوشتش ایجاد کنم .,verbal
معتقدم,معتقد,V_PRE_ADJC_1,شاید کسی که الان این مطلب را می‌خواند ، این حس را بگیرد که اینها چقدر از خود متشکر شده‌اند ... ولی من معتقدم که اینها را باید گفت ؛ برای این که دستشویی رفتن ، جزای از زندگی است و باید دید .,copular
خواهم,خواه,V_AUX_INF_PF_1,اگر شیرش را بدوشی ، برای او خواهم برد .,verbal
نمی‌گیرم,نمی‌گیر,V_PRS_NEG_1,* عقیلی : یکی از مشکلاتی که ما داشتیم در دعوت از عزیزان - حالا من از ایشان ایراد نمی‌گیرم - و این به خاطر برخورد بد برنامه‌سازهاست ، این است که به این عزیزان وقتی می‌گویید بفرمایید فلان برنامه صحبت کنید ، سریع می‌گویند می‌خواهیم برویم آنجا بگویند چند سالته ؟,verbal
باشم,باش,V_AUX_INF_PSUB_1,این را من از دیدگاه یک شنونده می‌گویم ، چون قبل از این که گوینده باشم ، شنونده هستم .,verbal
زدم,زد,V_PA_SIM_POS_1,* عقیلی : من این سه تا اتود را هم زدم .,verbal
خوردم,خورد,V_PA_SIM_POS_1,به دست مریم اشاره می‌کند ، انگار که گزها مقصرند ] روزه‌مو ... روزه‌مو ... خوردم .,verbal
هستم,هست,V_PRS_POS_1,* همه می‌دانند که من بازیگر تئاتر هستم .,verbal
پدرم,پدر,N_SING_COM_PAFF_1,وحید در این باره می‌گوید : « عشق را از مادرم و غرور را از پدرم آموختم .,possessive
کنم,کن,V_SUB_POS_1,فکر کنم برای ترک اعتیاد باید بستری شوم !,verbal
نظرم,نظر,N_SING_COM_PAFF_1,تا اینجای کار ... * من به نظرم می‌رسد که بهتر است تا پایان کار دیده بشود .,possessive
دستم,دست,N_SING_COM_PAFF_1,هیچ وز حاصل عمر چیست در دستم .,possessive
نظرم,نظر,N_SING_COM_PAFF_1,به نظرم ، مطبوعات ، خود تلویزیون و دیگر رسانه‌ها وقتی برنامه‌ای راه جدیدی را شروع می‌کند ، فقط باید حمایتش کنند .,possessive
قائلم,قائل,V_PRE_ADJC_1,البته من به دلیل حرمتی که برای حرفه‌ام قائلم ، چنین نکرده‌ام .,copular
استادم,استاد,N_SING_COM_PAFF_1,از دوران نوجوانی کار بازیگری را نزد استادم گلاب آدینه شروع کردم و بعد این رشته را در دانشگاه ادامه دادم .,possessive
برادرم,برادر,N_SING_COM_PAFF_1,بعضی وقتها هم من و برادرم و بقیه خواهرهایم لباس خوب می‌پوشیدیم و به باشگاههایی که او در آنها اجرا داشت ، می‌رفتیم .,possessive
گفتم,گفت,V_PA_SIM_POS_1,گفتم دقیقا همان چیزی است که من می‌خواستم ؛ یعنی بیننده بعد از دیدن این حرفها بگوید که آدمی که می‌رود دزدی می‌کند ، به خاطر این مسائل می‌آید جایی ، می‌گوید چقدر اشتباه کردم ، آنجا جایگاهی است که در آن خدا چیزی برای انسان خلق کرده ، نه اینجا .,verbal
بیدارم,بیدار,ADJ_SIM_PAFF_1,احمد : چرا زودتر بیدارم نکردی ؟,copular
فیلمم,فیلم,N_SING_COM_PAFF_1,برای مثال ، آخرین فیلمم « سوار بی‌سر » را هنگام ساخت فیلمی صامت در نظر گرفته بودم .,possessive
می‌آورم,می‌آور,V_PRS_POS_1,مثلا دادگاه نوجوانی است که جرمی مرتکب شده و من به عنوان کسی که می‌خواهم تحقیق کنم و گزارش ضبط کنم می‌روم و یک گزارش می‌گیرم و به شکلی که وجود دارد می‌گیرم و می‌نویسم و می‌آورم و در یک جای دیگری استفاده می‌کنم .,verbal
میارم,میار,V_PRS_POS_1,خودم میارم ، خب پدر نیم‌خیز می‌شود که از جا بلند شود .,verbal
خوشحالم,خوشحال,V_PRE_ADJC_1,* من از وجود این همه علاقه‌مند به این حرفه خوشحالم .,copular
هستم,هست,V_PRS_POS_1,من عاشق حرفه خود هستم و نمی‌توانم به این سادگی‌ها از آن بگذرم .,verbal
عموم,عمو,QUA_GEN,شرکتهای فیلمسازی کوچک برای فیلمی که به معرض نمایش می‌گذارند ، اغلب دلایل کافی دارند و معمولا فیلم ساخته‌شده بر عموم مردم تاثیر دارد .,possessive
ببرم,ببر,V_SUB_POS_1,* بله ، تجربه‌هایی در زمینه فیلمنامه‌نویسی جمعی دارم ، اما ترجیح می‌دهم شخصا بنویسم و از نظر مشورتی همکارهایم بهره ببرم .,verbal
عموم,عمو,QUA_GEN,لذا از عموم علاقمندان دعوت می‌شود جهت کسب اطلاع بیشتر از مشخصات ساختمانها و هماهنگی جهت رویت آنها در ساعات اداری حداکثر تا 31 / 6 / 79 با شماره تلفنهای 23164 و 27235 ـ تماس حاصل نمایند .,possessive
کرده‌ام,کرده‌ا,V_PA_NAR_POS_1,به حل جدول بسیار علاقه پیدا کرده‌ام .,verbal
نمی‌فهمم,نمی‌فهم,V_PRS_NEG_1,زمینه رشد و پرورش آدمهاست که در نوع گرایش آنها موثر است ، ضمن‌آن‌که از عبارت مبهم استعداد ذاتی چیزی نمی‌فهمم .,verbal
کنم,کن,V_SUB_POS_1,بیا خودم کمکت کنم .,verbal
نمی‌توانم,نمی‌توان,V_PRS_NEG_1,* نمی‌توانم حرفه گویندگی را کاملا کاری هنری بدانم .,verbal
هستم,هست,V_PRS_POS_1,* اساسا من برای مخاطب خود ارزش قائل هستم .,verbal
خوشحالم,خوشحال,V_PRE_ADJC_1,... * در آخر می‌گویم این برنامه در مجموع برنامه جالب و پرتحرک و شادی است و از این که من به عنوان تهیه‌کننده این برنامه معرفی شدم و در حال حاضر هم با تهیه این برنامه در خدمت شنوندگان عزیز هستم ، بسیار خوشحالم و امیدوارم که توانسته باشم رضایت خاطر شنوندگان را جلب کنم .,copular
دستم,دست,N_SING_COM_PAFF_1,هیچ وز حاصل عمر چیست در دستم .,possessive
خواستارم,خواستار,V_PRE_ADJC_1,* در پایان توفیق همه دست‌اندرکاران این برنامه از پخش ، نودال ، ماهواره ، هماهنگی ، حمل‌و‌نقل و ... را خواستارم ، و توفیق شما .,copular
دستم,دست,N_SING_COM_PAFF_1,من وقتی اومدم دیدم این نمی‌تونه بخونه ، معلم هم عصبانی و من دستم رو بالا کردم .,possessive
قائلم,قائل,V_PRE_ADJC_1,البته من به دلیل حرمتی که برای حرفه‌ام قائلم ، چنین نکرده‌ام .,copular
بتوانم,بتوان,V_SUB_POS_1,و بسیار امیدوارم که بتوانم تا آن زمان نقش مورد علاقه‌ام را در حد و اندازه تجربیاتم بازی کنم .,verbal
ببرم,ببر,V_SUB_POS_1,حقیقتا دوست داشتم از لحظه لحظه زمان برای بودن با بچه‌هایم لذت ببرم .,verbal
کردم,کرد,V_PA_SIM_POS_1,* من معضلات فرهنگی را به این خاطر عنوان کردم که وقتی وارد جامعه شدیم و رفتیم بین مردم ، با این دید که معضلاتی هست و می‌خواهیم این معضلات را بررسی کنیم ، با آدمها تک‌تک صحبت کردیم توی زندان ، توی پارک ، دختر و پسرهای فراری ، بچه‌های گدا ، و سارق - که همه اینها به یک چیز برمی‌گردد : بنیان سست خانواده .,verbal
می‌پسندم,می‌پسند,V_PRS_POS_1,من اساسا نقشی را می‌پسندم که در بطن خود بازی داشته باشد .,verbal
نظرم,نظر,N_SING_COM_PAFF_1,تا اینجای کار ... * من به نظرم می‌رسد که بهتر است تا پایان کار دیده بشود .,possessive
ندارم,ندار,V_PRS_NEG_1,دوست ندارم این طور قضاوت شود .,verbal
چشمم,چشم,N_SING_COM_PAFF_1,# مولوی # !!! دیر می زدم من ، که یکی ز در درآمد ، که : درآ درآ عراقی ، که تو خاص از آن مایی ، به قمارخانه رفتم ، همه پاکباز دیدم ، چو به صومعه رسیدم ، همه زاهد ریایی ، به طواف کعبه رفتم ، به حرم رهم ندادند ، که برون در چه کردی ، که درون خانه آیی ، به کدام مذهبست این ، به کدام ملتست این ، که کشند عاشقی را ، که تو عاشقم چرایی ، سر برگ گل ندارم ، به چه رو روم به گلشن ، که شنیده‌ام ز گل‌ها ، همه بوی بی‌وفایی ، به امید آن که شاید ، تو به چشم من در‌آیی ، در گلستان چشمم ، ز چه رو همیشه بازست ، که میان سنبلستان ، چرد آهوی ختایی ، مژه‌ها و چشم یارم ، به نظر چنان نماید ، که رقیب در‌نیاید ، به بهانه گدایی ، همه شب نهاده‌ام سر ، چو سگان بر آستنانت ، چه کنم که هست اینها ، گل خیر آشنایی زد و دیده خون فشانم ، ز غمت شب جدایی !!! .,possessive
خوشحالم,خوشحال,V_PRE_ADJC_1,... * در آخر می‌گویم این برنامه در مجموع برنامه جالب و پرتحرک و شادی است و از این که من به عنوان تهیه‌کننده این برنامه معرفی شدم و در حال حاضر هم با تهیه این برنامه در خدمت شنوندگان عزیز هستم ، بسیار خوشحالم و امیدوارم که توانسته باشم رضایت خاطر شنوندگان را جلب کنم .,copular
کارم,کار,N_SING_COM_PAFF_1,بیشتر بازیگران پرمدعا در مورد سختی‌ای که در ایفای نقش می‌کشند ، صحبت می‌کنند ، اما کوین واتلی در خصوص خود و شیوه بازیگری‌اش چنین می‌گوید : « من بازیگری نیستم که در کارم روش خاصی داشته باشم ، فکر می‌کنم شما برای بازیگری باید چشم سومی داشته باشید و به کمک آن عقب بایستید و به نقشی که اجرا می‌کنید ، بی‌طرفانه نگاه کنید » .,possessive
شده‌ام,شده‌ا,V_PA_NAR_POS_1,در این زمینه خیلی بی‌حوصله و تنبل شده‌ام .,verbal
متشکرم,متشکر,V_PRE_ADJC_1,* متشکرم .,copular
می‌توانم,می‌توان,V_AUX_INF_PPRS_1,فقط می‌توانم بگویم که به دریایی رسیدیم که رفتن توی این دریا با خودمان بود ، ولی بیرون آمدنش با خدا ؛ به طوری که من اواسط کار حتی دچار مشکلات روحی و روانی شدم .,verbal
بنویسم,بنویس,V_SUB_POS_1,* بله ، تجربه‌هایی در زمینه فیلمنامه‌نویسی جمعی دارم ، اما ترجیح می‌دهم شخصا بنویسم و از نظر مشورتی همکارهایم بهره ببرم .,verbal
امیدوارم,امیدوار,V_PRE_ADJC_1,امیدوارم موفق باشید .,copular
نظرم,نظر,N_SING_COM_PAFF_1,به نظرم : [ ناگهان خودش را جمع‌و‌جور می‌کند و محکم‌تر از قبل جواب می‌دهد که ] اگه بگیم روزه‌ایم مثل این که داریم چیز ... ویا ... بله ... ریا می‌کنیم ، خانم .,possessive
حاضرم,حاضر,V_PRE_ADJC_1,آقای ابوالفضل جلیلی گفت من حاضرم در تمام مسائل با شما همکاری کنم ؛ چقدر جو خوب و دوستانه و جدی‌ای دارید ؛ این جمع به یک جایی می‌رسد ؛ این جمع به هدفش می‌رسد .,copular
ببینم,ببین,V_SUB_POS_1,چون این سوالی است که خودم نشستم ببینم که راهکاری در برنامه می‌بینیم یا نه .,verbal
نمی‌شدم,نمی‌شد,V_PA_PRG_NEG_1,اینها می‌نشستند با ما صحبت می‌کردند و می‌گفتند اگر این کار را بکنی بهتر است ، و من قانع می‌شدم و بعضی جاها هم قانع نمی‌شدم ، می‌گفتند خیلی خوب ، نکن .,verbal
نمی‌کنم,نمی‌کن,V_PRS_NEG_1,» در‌کل ، اگر بخواهم در اینجا درباره تمام معضلات صحبت کنم ، خیلی حرفها هست که باید گفته شود و فکر نمی‌کنم زیاد با وقتمان جور دربیاید .,verbal
باشم,باش,V_AUX_INF_PSUB_1,... * در آخر می‌گویم این برنامه در مجموع برنامه جالب و پرتحرک و شادی است و از این که من به عنوان تهیه‌کننده این برنامه معرفی شدم و در حال حاضر هم با تهیه این برنامه در خدمت شنوندگان عزیز هستم ، بسیار خوشحالم و امیدوارم که توانسته باشم رضایت خاطر شنوندگان را جلب کنم .,verbal
روزه‌م,روزه‌,V_PRE_NC_1,احمد : ببین من روزه‌م .,verbal
عموم,عمو,QUA_GEN,هیچ کدام از مربیان تربیتی به طور کامل متوجه این نخواهند شد که چه مواردی را برای ساختن فیلم در نظر بگیرند ، و مسلما این سوال وجود دارد که آیا فیلم‌های سینمایی و تلویزیونی می‌توانند جوابگوی نیازهای عموم مردم جامعه باشند .,possessive
عموم,عمو,QUA_GEN,زمانی که تهیه‌کننده فیلم دست به ساخت فیلمی درباره طبقه ثروتمند جامعه می‌زند ، معمولا با مشکلات تصویری روبه‌رو می‌شود و تصویر کم می‌آورد ، نه موقعی که دست به ساخت فیلمی درباره عموم مردم می‌زند .,possessive
امیدوارم,امیدوار,V_PRE_ADJC_1,به‌هرحال ، موسیقی ایرانی با آداب و سنتهای سرزمین ما گره خورده و امیدوارم آهنگسازان این مرز‌و‌بوم بتوانند زبان موسیقی ایرانی را جهانی کنند .,copular
می‌گفتم,می‌گفت,V_PA_PRG_POS_1,می‌گفتم من که هنر خواندم ، همیشه سعی می‌کنم مسائل تاوری را جوری به کار نبرم که معلوم باشد ؛ سعی می‌کنم پشتوانه کارم باشد .,verbal
معتقدم,معتقد,V_PRE_ADJC_1,از‌همین‌رو در اختیار کردن دیدگاه و زاویه دید و پل زدن به زمانه هم به اصالت اختیار در اقتباس معتقدم .,copular
پرخونم,پرخون,V_PRE_ADJC_1,جگر پردرد و دل پرخونم ای دوست !!! .,copular
نداشته‌ام,نداشته‌ا,V_PA_NAR_NEG_1,دیر‌زمانی است که پیشنهاد بازی برای فیلم نداشته‌ام ، ولی تا دلتان بخواهد پیشنهاد بازی در سریال‌های تلویزیونی داشته‌ام .,verbal
کردم,کرد,V_PA_SIM_POS_1,قرار است کار بصری بسازم و چون رسانه تصویر را انتخاب کردم ، باید از آن زبان و تکنیک و از آن ترفندها استفاده کنم تا پیام خودم را بتوانم انتقال بدهم .,verbal
می‌زدم,می‌زد,V_PRS_POS_1,روزهای تعطیل من به ایشان زنگ می‌زدم و می‌گفتم این مشکل را دارم .,verbal
کردم,کرد,V_PA_SIM_POS_1,* همان‌طور‌که عرض کردم ، هر برنامه‌ای زبان خاص خودش را می‌طلبد ، ولی ازآن‌جاکه محتوای اغلب برنامه‌های رادیویی باید بازتاب حرفهای مردم و نیازهای آنان باشد ، زبان رایج در میان مردم ، زبان غالب در برنامه‌های رادیویی است .,verbal
معتقدم,معتقد,V_PRE_ADJC_1,من معتقدم 90 درصد به دلیل ترس سازندگان است .,copular
بدهم,بده,V_SUB_POS_1,... معمولا سعی می‌کنم با توسل به تفسیرهای بصری به شخصیت عمق بدهم .,verbal
کرده‌ام,کرده‌ا,V_PA_NAR_POS_1,* در یکی دو باری که پیش آمده ، همه‌اش را عوض کرده‌ام .,verbal
سرم,سر,N_SING_COM_PAFF_1,همین که سرم پایین بود ، یکی زد تخت سینه‌ام : پسر کجایی !,possessive
بدهم,بده,V_SUB_POS_1,* من کوچکتر از آن هستم که به جوانها پیامی بدهم ، ولی ... !,verbal
عموم,عمو,QUA_GEN,عموم مردم شیفته تماشای خویش‌اند .,possessive
داشته‌ام,داشته‌ا,V_PA_NAR_POS_1,دیر‌زمانی است که پیشنهاد بازی برای فیلم نداشته‌ام ، ولی تا دلتان بخواهد پیشنهاد بازی در سریال‌های تلویزیونی داشته‌ام .,verbal
امیدوارم,امیدوار,V_PRE_ADJC_1,* امیدوارم بتوانیم مسائل مورد توجه مخاطبان را تهیه کنیم و در اختیارشان قرار دهیم .,copular
جاهلم,جاهل,V_PRE_ADJC_1,ندانم که کدام کار جاهلانه کردم که به طبع او نزدیک بود که او را آن خوش آمد و مرا بدان بستود ، تا توبه کنم از آن کار و این غم مرا از آن است که مگر من هنوز جاهلم که ستوده جاهلان ، جاهلان باشند ... و جهد کن تا ستوده خلقان باشی و نگر تا ستوده جاهلان نباشی که ستوده عام ، نکوهیده خاص بود ، چنان‌که در حکایتی شنودم .,copular
بیام,بیا,V_SUB_POS_1,احمد : هنوز دیرم نشده [ به ساعت اشاره می‌کند ، نیم ساعت مانده به زنگ ] ولی تا بیام دست‌و‌رومو بشورم و صبحونه بخورم دیرم شده ، خب !,verbal
شدم,شد,V_PA_SIM_POS_1,اما دیشب برنامه شما را دیدم و منصرف شدم .,verbal
نمی‌توانم,نمی‌توان,V_PRS_NEG_1,من عاشق حرفه خود هستم و نمی‌توانم به این سادگی‌ها از آن بگذرم .,verbal
محبوسم,محبوس,V_PRE_ADJC_1,بی‌ذلت و بی‌گناه محبوسم .,copular
چشمم,چشم,N_SING_COM_PAFF_1,« و چشمم به سیمای مرد افتاد ، و سیمایش رنگ‌پریده و هراسان بود .,possessive
می‌خواهم,می‌خواه,V_PRS_POS_1,می‌خواهم بگویم همیشه تعلقاتی در این زمینه داشته‌ام .,verbal
امیدوارم,امیدوار,V_PRE_ADJC_1,امیدوارم موفق باشید .,copular
ذهنم,ذهن,N_SING_COM_PAFF_1,قبلا بخشی از ذهنم را معضلات اجتماعی به خود مشغول کرده بود و یکی - دو تا طرح داستانی هم نوشته بودم که به مدیر گروه دادم و همین طرحهای داستانی باعث شد که گروه اجتماعی شبکه سه بگوید که این ژانر را مستند کار کن و من هم پذیرفتم و شروع به کار کردیم .,possessive
بودم,بود,V_PA_SIM_POS_1,در مورد این بخش هم بگویم که طراح صحنه خودم بودم .,verbal
می‌نویسم,می‌نویس,V_PRS_POS_1,مثلا دادگاه نوجوانی است که جرمی مرتکب شده و من به عنوان کسی که می‌خواهم تحقیق کنم و گزارش ضبط کنم می‌روم و یک گزارش می‌گیرم و به شکلی که وجود دارد می‌گیرم و می‌نویسم و می‌آورم و در یک جای دیگری استفاده می‌کنم .,verbal
خرابم,خراب,V_PRE_ADJC_1,درین سراچه خاکی که دل خرابم ازو !!! .,copular
سرم,سر,N_SING_COM_PAFF_1,سرم رو بلند کردم ، دیدم آقای گرمسیری یه .,possessive
خواندم,خواند,V_PA_SIM_POS_1,می‌گفتم من که هنر خواندم ، همیشه سعی می‌کنم مسائل تاوری را جوری به کار نبرم که معلوم باشد ؛ سعی می‌کنم پشتوانه کارم باشد .,verbal
داشتم,داشت,V_PA_SIM_POS_1,طی سه سال گذشته با سه فیلم در جشنواره فیلم فجر شرکت داشتم و اصلا هم منتظر جایزه نبودم .,verbal
هستم,هست,V_PRS_POS_1,این را من از دیدگاه یک شنونده می‌گویم ، چون قبل از این که گوینده باشم ، شنونده هستم .,verbal
عموم,عمو,N_SING_GR,در شب‌های پنجشنبه و جمعه هر هفته فیلم‌های سینمایی در همین محل دایر است که ورود برای عموم آزاد می‌باشد .,possessive
دارم,دار,V_PRS_POS_1,* بله ، تجربه‌هایی در زمینه فیلمنامه‌نویسی جمعی دارم ، اما ترجیح می‌دهم شخصا بنویسم و از نظر مشورتی همکارهایم بهره ببرم .,verbal
مشغولم,مشغول,V_PRE_ADJC_1,* [ می‌خندد ] نه ، مشغولم .,copular
بگذرم,بگذر,V_SUB_POS_1,من عاشق حرفه خود هستم و نمی‌توانم به این سادگی‌ها از آن بگذرم .,verbal
داشتم,داشت,V_PA_SIM_POS_1,زمانی که من این بخش را دیدم احساس جالبی داشتم .,verbal
می‌بینم,می‌بین,V_PRS_POS_1,* عقیلی : عرض کنم خدمت شما که ریشه تمام معضلات را در فرهنگ جامعه می‌بینم .,verbal
بیدارم,بیدار,N_SING_COM_PAFF_1,# عروض # !!! ای‌کاش که بیدار نمی‌گردیدم تا روز جزا ، ناگاه خروس سحری بیدارم کرد .,possessive
نظرم,نظر,N_SING_COM_PAFF_1,* با توجه به اطلاعاتی که ما از کل مملکت داریم به نظرم توفیق زیادی داشته ؛ یعنی این که یکی از موفق‌ترین شبکه‌های سازمان در ارتباط با جوانان شبکه سه است .,possessive
می‌گفتم,می‌گفت,V_PA_PRG_POS_1,اما چیزی را همیشه به آنها می‌گفتم .,verbal
بودم,بود,V_PA_SIM_POS_1,قبلا بخشی از ذهنم را معضلات اجتماعی به خود مشغول کرده بود و یکی - دو تا طرح داستانی هم نوشته بودم که به مدیر گروه دادم و همین طرحهای داستانی باعث شد که گروه اجتماعی شبکه سه بگوید که این ژانر را مستند کار کن و من هم پذیرفتم و شروع به کار کردیم .,verbal
بدنم,بدن,N_SING_COM_PAFF_1,# نمونه‌ای از رباعیات وی # مرغ باغ ملکوتم نیم از عالم خاک ، چند روزی قفسی ساخته‌اند از بدنم ، جان که از عالم علویست یقین می‌دانم ، رخت خود باز برآنم که همانجا فگنم ، مانده‌ام سخت عجب کز چه سبب ساخت مرا ، یا چه بودست مراد وی ازین ساختنم ، از کجا آمده‌ام آمدنم بهر چه بود ، به کجا می‌روم * آخر ننمایی وطنم ، * روزها فکر من این است و همه شب سخنم ، که چرا فارغ از احوال دل خویشتنم !!! .,possessive
چشمم,چشم,N_SING_COM_PAFF_1,# مولوی # !!! دیر می زدم من ، که یکی ز در درآمد ، که : درآ درآ عراقی ، که تو خاص از آن مایی ، به قمارخانه رفتم ، همه پاکباز دیدم ، چو به صومعه رسیدم ، همه زاهد ریایی ، به طواف کعبه رفتم ، به حرم رهم ندادند ، که برون در چه کردی ، که درون خانه آیی ، به کدام مذهبست این ، به کدام ملتست این ، که کشند عاشقی را ، که تو عاشقم چرایی ، سر برگ گل ندارم ، به چه رو روم به گلشن ، که شنیده‌ام ز گل‌ها ، همه بوی بی‌وفایی ، به امید آن که شاید ، تو به چشم من در‌آیی ، در گلستان چشمم ، ز چه رو همیشه بازست ، که میان سنبلستان ، چرد آهوی ختایی ، مژه‌ها و چشم یارم ، به نظر چنان نماید ، که رقیب در‌نیاید ، به بهانه گدایی ، همه شب نهاده‌ام سر ، چو سگان بر آستنانت ، چه کنم که هست اینها ، گل خیر آشنایی زد و دیده خون فشانم ، ز غمت شب جدایی !!! .,possessive
پدرم,پدر,N_SING_COM_PAFF_1,نه پسرم نه پدرم واسه این نیست .,possessive
نشستم,نشست,V_PA_SIM_POS_1,چون این سوالی است که خودم نشستم ببینم که راهکاری در برنامه می‌بینیم یا نه .,verbal
می‌روم,می‌رو,V_PRS_POS_1,مثلا دادگاه نوجوانی است که جرمی مرتکب شده و من به عنوان کسی که می‌خواهم تحقیق کنم و گزارش ضبط کنم می‌روم و یک گزارش می‌گیرم و به شکلی که وجود دارد می‌گیرم و می‌نویسم و می‌آورم و در یک جای دیگری استفاده می‌کنم .,verbal
باشم,باش,V_AUX_INF_PSUB_1,* دوست دارم تا پایان عمرم در این حیطه فعال باشم .,verbal
دارم,دار,V_PRS_POS_1,!هنری! # من هر چه دارم ، از تئاتر است .,verbal
کارم,کار,N_SING_COM_PAFF_1,همه کارم ز خودکامی به بد‌نامی کشید آخر .,possessive
مشغولم,مشغول,V_PRE_ADJC_1,* [ می‌خندد ] نه ، مشغولم .,copular
صورتم,صورت,N_SING_COM_PAFF_1,دنگی زد تو صورتم .,possessive
زنم,زن,V_SUB_POS_1,بنوازد این نوا را چه زنم چونای هر دم ، ز نوای شوق او دم که ز جان ما بگردان .,possessive
خستهام,خسته‌ا,V_PRE_ADJC_1,اگر موضوعی ضروری ناگفته باقی مانده ... * خسته‌ام کردید !,copular
زبانم,زبان,N_SING_COM_PAFF_1,نمی‌دانم چرا با دیدن این مکان دائم یک بیت شعر بر زبانم جاری می‌شود : !!! یادم کن تا هستم تو ای نگار آسمانی - با یادت سرمستم تو ای امید زندگانی !!! .,possessive
خسته‌ام,خسته‌ا,V_PRE_ADJC_1,اگر موضوعی ضروری ناگفته باقی مانده ... * خسته‌ام کردید !,copular
چشمم,چشم,N_SING_COM_PAFF_1,« و چشمم به سیمای مرد افتاد ، و سیمایش رنگ‌پریده و هراسان بود .,possessive
دیدم,دید,V_PA_SIM_POS_1,اما دیشب برنامه شما را دیدم و منصرف شدم .,verbal
فکرم,فکر,V_PRE_NC_1,[ مکث ] [ به یکی از خانمها ] ببخشید خانم ، تو فکرم که این یارو رو تحویل کلانتری بدم ؛ شنیدین که چه شلوغ‌بازاری راه انداخت .,possessive
مطمئنم,مطمئن,V_PRE_ADJC_1,دوره جوانی ، سنی است که جوان دچار بحران فکری است و دنبال هویت خودش می‌گردد و در این مقطع است که اگر اطلاعات درست و محیط درستی برای جوان فراهم بشود ، مطمئنم که این جوان ، جوانی است که برای مملکتش فعالیت می‌کند و این مملکت را به سرانجام می‌رساند .,copular
امیدوارم,امیدوار,V_PRE_ADJC_1,امیدوارم که خدا هم توفیق بدهد .,copular
گرفتارم,گرفتار,V_PRE_ADJC_1,بی‌علت و بی‌سبب گرفتارم .,copular
عموم,عمو,N_SING_GR,!فضایی! # نمایشگاه عکسهای فضایی # نمایشگاهی از آثار عکاسان فضانورد در محل موزه هنرهای معاصر سیدنی استرالیا به نمایش عموم در‌آمده است .,possessive
کردم,کرد,V_PA_SIM_POS_1,درحالی‌که اگر اندکی متون اسلامی را مطالعه کنیم ، می‌بینیم که چقدر مسائل معضل‌ساز نهی شده‌اند ) این مساله را من اشاره کردم چون دیده‌ام که بعضی‌ها سریع اینها را به اسلام و مذهب ربط می‌دهند ( .,verbal
نیستم,نیست,V_PRS_NEG_1,من در روند آن دادگاه و سرنوشت آن نوجوان هیچ دخیل نیستم .,verbal
پدرم,پدر,N_SING_COM_PAFF_1,من در کودکی هیچ‌وقت به حد کافی با پدرم نبودم ، چون او بیشتر در دریا بود .,possessive
پسرم,پسر,N_SING_COM_PAFF_1,تو که نبودی پسرم .,possessive
مجبورم,مجبور,V_PRE_ADJC_1,مجبورم .,copular
کارم,کار,N_SING_COM_PAFF_1,واتلی می‌گوید : « من فکر می‌کنم که بیشتر وقتم صرف کارم می‌شود ؛ بنابراین ازدواجم با یک هنرپیشه درست بود ، چون همدیگر را خوب می‌فهمیم و احساسات هم را درک می‌کنیم .,possessive
گفتم,گفت,V_PA_SIM_POS_1,شاید کار به این مشکلی سه برابر حالت قبل که گفتم ، زحمت داشته باشد .,verbal
شده‌ام,شده‌ا,V_PA_NAR_POS_1,من که مجری شده‌ام .,verbal
میدم,مید,V_PRS_POS_1,پدر : احمد بگو ، قول میدم کاری بهت نداشته باشم ، بابا !,verbal
دارم,دار,V_PRS_POS_1,محمود : [ گله‌مند و درعین‌حال کمی طلبکارانه ] دارم خداحافظی می‌کنم ... فکرشو نکن ، هفت ساعت که چیزی نیست .,verbal
امیدوارم,امیدوار,V_PRE_ADJC_1,... * در آخر می‌گویم این برنامه در مجموع برنامه جالب و پرتحرک و شادی است و از این که من به عنوان تهیه‌کننده این برنامه معرفی شدم و در حال حاضر هم با تهیه این برنامه در خدمت شنوندگان عزیز هستم ، بسیار خوشحالم و امیدوارم که توانسته باشم رضایت خاطر شنوندگان را جلب کنم .,copular
می‌افتم,می‌افت,V_PA_PRG_POS_1,از هیچکاک چه به یاد می‌آوریم ، از فورد چه ، از هاوکز ، از علی حاتمی - خدایش رحمت کناد - از سهراب شهید ثالث ، مهرجویی ، بیضایی ، کیمیایی ، تقوایی ، و ... شخصا وقتی به یاد فیلم‌های این بزرگواران می‌افتم ، گویی نام هر کدام کلیدی را در ذهن می‌زند .,verbal
دارم,دار,V_PRS_POS_1,مضاف بر این که حال‌و‌هوای این برنامه و همکاری با محمد‌صالح علا را خیلی دوست دارم .,verbal
نبودم,نبود,V_PA_SIM_NEG_1,طی سه سال گذشته با سه فیلم در جشنواره فیلم فجر شرکت داشتم و اصلا هم منتظر جایزه نبودم .,verbal
نظرم,نظر,N_SING_COM_PAFF_1,* به نظرم سودمند است ، چه به لحاظ آشنا شدن نویسنده با روند اجرای اثر که ممکن است برای نوشته‌های بعدی او مفید باشد ، چه به لحاظ جلوگیری از افسردگی پیش‌رس فیلمنامه‌نویسها !,possessive
سرم,سر,N_SING_COM_PAFF_1,سرم رو بلند کردم ، دیدم آقای گرمسیری یه .,possessive
نظرم,نظر,N_SING_COM_PAFF_1,به نظرم آمد که این سریال سه ایراد عمده دارد : 1 - شخصیت‌پردازی آدمهای اصلی مجموعه که یک‌دست و روان نیست ؛ 2 - شوخی‌های بیش از اندازه این آدمها با هم ) به‌هرحال ما هم در محیطهایی جوانانه سالها کار کرده‌ایم و این جو را می‌شناسیم ، و این محیطها این‌گونه نیست که چند جوان به مجرد با هم بودن ، دائم با یکدیگر شوخی کنند ( .,possessive
شوم,شو,V_SUB_POS_1,فکر کنم برای ترک اعتیاد باید بستری شوم !,verbal
می‌کردم,می‌کرد,V_PA_PRG_POS_1,* من بار اولم بود که در زمینه دستیاری کارگردان کار می‌کردم ، چون کار اصلی من بازیگری است .,verbal
عموم,عمو,N_SING_GR,در شب‌های پنجشنبه و جمعه هر هفته فیلم‌های سینمایی در همین محل دایر است که ورود برای عموم آزاد می‌باشد .,possessive
می‌خواهم,می‌خواه,V_PRS_POS_1,* واقعیت را اگر نگاه کنید ، مثل خود من ، من می‌خواهم بروم و در مورد موضوعی کار کنم .,verbal
بودم,بود,V_PA_SIM_POS_1,* البته در این مورد که شما فرمودید ، خودم یا بچه‌ها می‌آمدند بعضی اوقات بازتاب برنامه را خیلی جاها من دیده بودم که آدمها زنگ می‌زنند .,verbal
امیدوارم,امیدوار,V_PRE_ADJC_1,امیدوارم که جوانان با دیدی بازتر به این جرگه قدم بگذارند .,copular
نشده‌ام,نشده‌ا,V_PA_NAR_NEG_1,* خیر ، هیچ‌وقت از این انتخاب پشیمان نشده‌ام .,verbal
ذهنم,ذهن,N_SING_COM_PAFF_1,قبلا بخشی از ذهنم را معضلات اجتماعی به خود مشغول کرده بود و یکی - دو تا طرح داستانی هم نوشته بودم که به مدیر گروه دادم و همین طرحهای داستانی باعث شد که گروه اجتماعی شبکه سه بگوید که این ژانر را مستند کار کن و من هم پذیرفتم و شروع به کار کردیم .,possessive
معتقدم,معتقد,V_PRE_ADJC_1,من معتقدم که این قضیه استحاله یک مقدار کتابی است و ممکن است در داستانها و رمان‌ها اتفاق بیفتد ، ولی آدم در طول شش ماه نه ، بعید می‌دانم .,copular
معتقدم,معتقد,V_PRE_ADJC_1,معتقدم که کار در سبکهای مختلف و کشف درونیات ، بازیگر را خاکستری می‌کند ؛ نه سفید مطلق و نه سیاه مطلق .,copular
امیدوارم,امیدوار,V_PRE_ADJC_1,امیدوارم که جوانان با دیدی بازتر به این جرگه قدم بگذارند .,copular
دیدم,دید,V_PA_SIM_POS_1,من قاطعانه به شما می‌گویم 99 درصد کسانی که دلار و کوپن و از این چیزها می‌فروشند از دور دستی در یکی از کارهای خلاف جامعه دارند ، و چون برمی‌گردیم به بافت اجتماعی‌مان ، همه اینها باز به آن تربیت برمی‌گردد ، به فرهنگ ؛ یعنی من هر چه را دیدم رسیده به فرهنگ و برای همین گفتم فرهنگ .,verbal
می‌دهم,می‌ده,V_PRS_POS_1,* بله ، تجربه‌هایی در زمینه فیلمنامه‌نویسی جمعی دارم ، اما ترجیح می‌دهم شخصا بنویسم و از نظر مشورتی همکارهایم بهره ببرم .,verbal
فکرم,فکر,V_PRE_NC_1,[ مکث ] [ به یکی از خانمها ] ببخشید خانم ، تو فکرم که این یارو رو تحویل کلانتری بدم ؛ شنیدین که چه شلوغ‌بازاری راه انداخت .,verbal
بخواهم,بخواه,V_SUB_POS_1,» در‌کل ، اگر بخواهم در اینجا درباره تمام معضلات صحبت کنم ، خیلی حرفها هست که باید گفته شود و فکر نمی‌کنم زیاد با وقتمان جور دربیاید .,verbal
بدهم,بده,V_SUB_POS_1,قرار است کار بصری بسازم و چون رسانه تصویر را انتخاب کردم ، باید از آن زبان و تکنیک و از آن ترفندها استفاده کنم تا پیام خودم را بتوانم انتقال بدهم .,verbal
نتونستم,نتونست,V_PA_SIM_NEG_1,احمد [ هق‌هق‌کنان ] روزه‌مو ... نتونستم ... جلو خودمو بگیرم [ .,verbal
کنم,کن,V_SUB_POS_1,و بسیار امیدوارم که بتوانم تا آن زمان نقش مورد علاقه‌ام را در حد و اندازه تجربیاتم بازی کنم .,verbal
شده‌ام,شده‌ا,V_PA_NAR_POS_1,[ می‌خندد ] به گونه‌ای معتاد شده‌ام .,verbal
بروم,برو,V_SUB_POS_1,* واقعیت را اگر نگاه کنید ، مثل خود من ، من می‌خواهم بروم و در مورد موضوعی کار کنم .,verbal
بدم,بد,V_SUB_POS_1,مادر : نزدیک بود یادم بره [ بالاخره گره باز می‌شود ] اینو بابات داد بهت بدم [ ده‌تومانی را به طرفش دراز می‌کند ] گفت : شیرینی روزه گرفتنت .,verbal
می‌کنم,می‌کن,V_PRS_POS_1,( اعتراف می‌کنم که نمی‌شود بدون استعداد ) به معنای داشتن زمینه و ظرفیتهای لازم ( و صرفا با مرور فنون ، فیلمنامه‌نویس موفق یا هر چیز موفق دیگری شد .,verbal
امیدوارم,امیدوار,V_PRE_ADJC_1,امیدوارم خواننده خسته نشود .,copular
بپذیرم,بپذیر,V_SUB_POS_1,اما نتوانستم این پیشنهادها را به علت میزبانی فرزندان عزیزم که ساکن غربت هستند و هر سال مدت کوتاهی به دیدن ما می‌آیند ، بپذیرم .,verbal
حاضرم,حاضر,V_PRE_ADJC_1,یا خانم اکرم محمدی حتی گفت من حاضرم بدون چشمداشت مالی مجری شما بشوم ، یا آقای جهانگیر الماسی .,copular
گذرانده‌ام,گذرانده‌ا,V_PA_NAR_POS_1,شرایط هم اگر نامطلوب باشد ، بر منی که عمرم را در این وادی گذرانده‌ام ، تاثیرگذار نخواهد بود .,verbal
بدهم,بده,V_SUB_POS_1,به‌هرحال توضیحی که باید بدهم این است که کارشناسان خوب اجتماعی حاضر نیستند بیایند در تلویزیون صحبت کنند .,verbal
ساعتم,ساعت,N_SING_COM_PAFF_1,صاحب مغازه : [ درحالی‌که به ساعت اشاره می‌کند ] ساعتم ، هفت و ... ساعت حدود ده دقیقه به زنگ را نشان می‌دهد .,possessive
معتقدم,معتقد,V_PRE_ADJC_1,اما معتقدم اگر سبکی وجود داشته باشد - که در ایران تاکنون چنین نبوده است - بسیار خوب و مفید است ، چرا‌که بازیگر کلیشه نمی‌شود .,copular
داشته‌ام,داشته‌ا,V_PA_NAR_POS_1,این مهم می‌تواند تشویق‌کننده خوبی باشد ، چون گمان می‌برم که همیشه در مقابل حرفه‌ام مساولیت لازم را داشته‌ام .,verbal
می‌دادم,می‌داد,V_PA_PRG_POS_1,البته در اجرا خانم گوهرشادی و آقای ایراندوست کمکم می‌کردند ، ولی طرحها را خودم می‌دادم .,verbal
می‌برم,می‌بر,V_PRS_POS_1,این مهم می‌تواند تشویق‌کننده خوبی باشد ، چون گمان می‌برم که همیشه در مقابل حرفه‌ام مساولیت لازم را داشته‌ام .,verbal
نظرم,نظر,N_SING_COM_PAFF_1,بعد مساله شغل است که به نظرم خیلی روی این قضیه فکر درستی نکرده‌ایم .,possessive
حاضرم,حاضر,V_PRE_ADJC_1,یا خانم اکرم محمدی حتی گفت من حاضرم بدون چشمداشت مالی مجری شما بشوم ، یا آقای جهانگیر الماسی .,copular
گفتم,گفت,V_PA_SIM_POS_1,گفتم همین یکی هم اگر باشد خوب است ؛ اما من سوال شما را درست متوجه نشدم .,verbal
داشته‌ام,داشته‌ا,V_PA_NAR_POS_1,می‌خواهم بگویم همیشه تعلقاتی در این زمینه داشته‌ام .,verbal
بگم,بگ,V_SUB_POS_1,پس امشب می‌تونم بگم قبول باشه .,verbal
کارم,کار,N_SING_COM_PAFF_1,می‌گفتم من که هنر خواندم ، همیشه سعی می‌کنم مسائل تاوری را جوری به کار نبرم که معلوم باشد ؛ سعی می‌کنم پشتوانه کارم باشد .,possessive
خواهم,خواه,V_AUX_INF_PF_1,اگر بستر فراهم باشد ، قطعا خواهم بود .,verbal
نظرم,نظر,N_SING_COM_PAFF_1,بعد مساله شغل است که به نظرم خیلی روی این قضیه فکر درستی نکرده‌ایم .,possessive
صورتم,صورت,N_SING_COM_PAFF_1,دنگی زد تو صورتم .,possessive
باشم,باش,V_AUX_INF_PSUB_1,پدر : احمد بگو ، قول میدم کاری بهت نداشته باشم ، بابا !,verbal
می‌خواهم,می‌خواه,V_PRS_POS_1,مثلا دادگاه نوجوانی است که جرمی مرتکب شده و من به عنوان کسی که می‌خواهم تحقیق کنم و گزارش ضبط کنم می‌روم و یک گزارش می‌گیرم و به شکلی که وجود دارد می‌گیرم و می‌نویسم و می‌آورم و در یک جای دیگری استفاده می‌کنم .,verbal
دستم,دست,N_SING_COM_PAFF_1,دستم بگرفت و پا به پا برد .,possessive
روزه‌م,روزه‌,V_PRE_NC_1,محمود : منم روزه‌م .,verbal
می‌کنم,می‌کن,V_PRS_POS_1,اما بیشتر اوقات فارغ از این دغدغه به نقش فکر می‌کنم .,verbal
می‌کنم,می‌کن,V_PRS_POS_1,وقتی به بیهودگی ، پیش‌پاافتادگی یا ناسودمندی کاری یقین پیدا می‌کنم ، رهایش می‌کنم .,verbal
می‌برم,می‌بر,V_PRS_POS_1,هر‌چه بیشتر کار می‌کنم ، به اهمیت تحقیق بیشتر پی می‌برم .,verbal
زبانم,زبان,N_SING_COM_PAFF_1,یک حرف و دو حرف بر زبانم .,possessive
خوشحالم,خوشحال,V_PRE_ADJC_1,* من از وجود این همه علاقه‌مند به این حرفه خوشحالم .,copular
بدنم,بدن,N_SING_COM_PAFF_1,# نمونه‌ای از رباعیات وی # مرغ باغ ملکوتم نیم از عالم خاک ، چند روزی قفسی ساخته‌اند از بدنم ، جان که از عالم علویست یقین می‌دانم ، رخت خود باز برآنم که همانجا فگنم ، مانده‌ام سخت عجب کز چه سبب ساخت مرا ، یا چه بودست مراد وی ازین ساختنم ، از کجا آمده‌ام آمدنم بهر چه بود ، به کجا می‌روم * آخر ننمایی وطنم ، * روزها فکر من این است و همه شب سخنم ، که چرا فارغ از احوال دل خویشتنم !!! .,possessive
دستم,دست,N_SING_COM_PAFF_1,رایس فرهنگ که اجازه نشستن داد ، نگاهش لحظه‌ای روی دستم مکث کرد و بعد چیزی را که می‌نوشت تمام کرد و می‌خواست متوجه من بشود که رونویس حکم را روی میزش گذاشته بودم .,possessive
دستم,دست,N_SING_COM_PAFF_1,دستم بگرفت و پا به پا برد .,possessive
می‌دانم,می‌دان,V_PRS_POS_1,به خاطر حساسیت این برنامه دائما پیگیر بودند و مشکلات من را می‌دانستند و الان می‌دانم که مشکلات من مشکلات ایشان هم هست .,verbal
می‌خواستم,می‌خواست,V_PA_PRG_POS_1,گفتم دقیقا همان چیزی است که من می‌خواستم ؛ یعنی بیننده بعد از دیدن این حرفها بگوید که آدمی که می‌رود دزدی می‌کند ، به خاطر این مسائل می‌آید جایی ، می‌گوید چقدر اشتباه کردم ، آنجا جایگاهی است که در آن خدا چیزی برای انسان خلق کرده ، نه اینجا .,verbal
امیدوارم,امیدوار,V_PRE_ADJC_1,* آخرین حرفم که امیدوارم حتما چاپ بشود ، این است که من از چند نفری که باید خیلی تشکر کنم ، یکی از اهالی همین محله‌ای است که در آن کار می‌کنیم .,copular
دستم,دست,N_SING_COM_PAFF_1,شب جمعه رفتیم تو سفارت و توی صحنه و پرده رو نیمه‌باز کردن که دستم رو یکی گرفت و گفت نمی‌خواد بخونی .,possessive
خواهم,خواه,V_AUX_INF_PF_1,اگر چنین تیپی پیشنهاد شود ، همه تلاشم را برای درست بازی کردن آن خواهم کرد .,verbal
پدرم,پدر,N_SING_COM_PAFF_1,وحید در این باره می‌گوید : « عشق را از مادرم و غرور را از پدرم آموختم .,possessive
نظرم,نظر,N_SING_COM_PAFF_1,به نظرم ، این کار برای نوجوانانی که این مسائل و مشکلات را در زندگیشان دارند ، بسیار مفید و موثر است و آنها می‌توانند با سمبل قرار دادن شخصیتی به نام سحر به الگوی مناسبی در زندگی برسند و به نوعی همذات‌پنداری کنند .,possessive
باشم,باش,V_AUX_INF_PSUB_1,* در پایان از شما تشکر می‌کنم که به یک گوینده تازه‌کار توجه کردید ؛ و از پیش‌کسوتان خودم در این حرفه عذرخواهی می‌کنم ، اگر جسارت کرده و قبل از آنها در این مصاحبه شرکت کرده باشم .,verbal
عموم,عمو,QUA_GEN,از‌آن‌پس ، عموم یافته‌ها بر این دلالت دارند که تماشاگران تلویزیون مذهبی را می‌توان با ویژگیهایی چون قرار داشتن در رده پایین و مذهبی بودن مشخص کرد ) بود‌نیام ، 1981 ؛ گری ، 1984 ؛ پریتچارد ، 1985 ( .,possessive
بدهم,بده,V_SUB_POS_1,* عقیلی : من این را توضیح بدهم بعد اگر دوستان توضیحی دارند بدهند .,verbal
امیدوارم,امیدوار,V_PRE_ADJC_1,امیدوارم که خدا هم توفیق بدهد .,copular
نظرم,نظر,N_SING_COM_PAFF_1,معارف فراوانی از قول زنان غیبگو بازگو شده ؛ و درباره اوراق نامعلومی که اطراف دودونا می‌جنبید ، از قدیم چیزهایی رازناک و مقدس نقل شده بود - اما [ ... ] همین حکایت خیال‌انگیزی که شیطان در خلوت مقبره کنارم نشست و برایم تعریف کرد ، به نظرم از همه عالیتر است .,possessive
هستم,هست,V_PRS_POS_1,* من کوچکتر از آن هستم که به جوانها پیامی بدهم ، ولی ... !,verbal
شغلم,شغل,N_SING_COM_PAFF_1,» زمانی که خبرنگار نشریه « کاندیز » برای مصاحبه به خانه کوین می‌رود ، متوجه می‌شود که خانواده‌اش در مورد مصاحبه با او بحث زیادی داشته‌اند و او را از قبول مصاحبه منع کرده‌اند : « آنها همیشه در این مورد و این که من راجع‌به خودم و شغلم مصاحبه کنم ، با من بحث می‌کنند ، ولی من فکر می‌کنم که با این کار خودم را کوچک نکرده‌ام .,possessive
سرم,سر,N_SING_COM_PAFF_1,و من ایستادم در باتلاق ، بین نیلوفران بلند ، و باران بر سرم فرو‌می‌چکید - و نیلوفرها همگی در شکوه فلاکت خود آه می‌کشیدند .,possessive
سرم,سر,N_SING_COM_PAFF_1,!ادبی! وقتی شیطان به سرم دست کشید ، گفت : « گوش کن ؛ دیاری که می‌گویم دیاری است ملال‌آور در لیبی ، در کنار رود زایر ، و جایی که در آن نه آرامش است ، نه سکوت .,possessive
کردم,کرد,V_PA_SIM_POS_1,بخش گزارش که در آن - همان‌طور‌که عرض کردم - با دانشجویان و اساتید صحبت می‌شود .,verbal
فکرم,فکر,N_SING_COM_PAFF_1,فکرم این بود که به این وسیله یک فضای خیلی دلگیر و وهم‌آلود به وجود بیاورم و این که انسان شایسته نیست در این فضا باشد .,possessive
پسرم,پسر,N_SING_COM_PAFF_1,نه پسرم نه پدرم واسه این نیست .,possessive
می‌کنم,می‌کن,V_PRS_POS_1,* فکر می‌کنم شان نویسنده بالاتر از این حرفهاست .,verbal
نظرم,نظر,N_SING_COM_PAFF_1,آثار تولیدشده به نظرم قابل اعتنا نیست و چیز تازه‌ای در این زمینه نمی‌شنوم .,possessive
بگیرم,بگیر,V_SUB_POS_1,احمد [ هق‌هق‌کنان ] روزه‌مو ... نتونستم ... جلو خودمو بگیرم [ .,verbal
می‌خواهم,می‌خواه,V_PRS_POS_1,می‌خواهم ببینم که شما چطور به این ساخت رسیدید ؟,verbal
